<?xml version="1.0" encoding="UTF-8"?>
<jmeterTestPlan version="1.2" properties="5.0" jmeter="5.6.3">
  <hashTree>
    <TestPlan guiclass="TestPlanGui" testclass="TestPlan" testname="Belajar Bareng Load Test" enabled="true">
      <stringProp name="TestPlan.comments">POST 1x per user, GET 10x per loop, 2 loop, 5 detik</stringProp>
      <boolProp name="TestPlan.functional_mode">false</boolProp>
      <boolProp name="TestPlan.tearDown_on_shutdown">true</boolProp>
      <boolProp name="TestPlan.serialize_threadgroups">false</boolProp>
    </TestPlan>
    <hashTree>

      <!-- THREAD GROUP -->
      <ThreadGroup guiclass="ThreadGroupGui" testclass="ThreadGroup" testname="Thread Group" enabled="true">
        <stringProp name="ThreadGroup.num_threads">5</stringProp>
        <stringProp name="ThreadGroup.ramp_time">1</stringProp>
        <stringProp name="ThreadGroup.duration">5</stringProp>
        <boolProp name="ThreadGroup.scheduler">true</boolProp>
        <elementProp name="ThreadGroup.main_controller" elementType="LoopController">
          <stringProp name="LoopController.loops">2</stringProp>
          <boolProp name="LoopController.continue_forever">false</boolProp>
        </elementProp>
      </ThreadGroup>
      <hashTree>

        <!-- HTTP DEFAULT -->
        <ConfigTestElement guiclass="HttpDefaultsGui" testclass="ConfigTestElement" testname="HTTP Request Defaults" enabled="true">
          <stringProp name="HTTPSampler.domain">belajar-bareng.onrender.com</stringProp>
          <stringProp name="HTTPSampler.protocol">https</stringProp>
        </ConfigTestElement>
        <hashTree/>

        <!-- ONCE ONLY CONTROLLER -->
        <OnceOnlyController guiclass="OnceOnlyControllerGui" testclass="OnceOnlyController" testname="Once Only Controller - POST" enabled="true"/>
        <hashTree>

          <!-- POST REQUEST -->
          <HTTPSamplerProxy guiclass="HttpTestSampleGui" testclass="HTTPSamplerProxy" testname="POST /posts" enabled="true">
            <stringProp name="HTTPSampler.method">POST</stringProp>
            <stringProp name="HTTPSampler.path">/posts</stringProp>
            <boolProp name="HTTPSampler.postBodyRaw">true</boolProp>
            <elementProp name="HTTPsampler.Arguments" elementType="Arguments">
              <collectionProp name="Arguments.arguments">
                <elementProp name="" elementType="HTTPArgument">
                  <boolProp name="HTTPArgument.always_encode">false</boolProp>
                  <stringProp name="Argument.value">
{
  "title": "Test JMeter",
  "content": "Belajar Load Testing",
  "status": "active"
}
                  </stringProp>
                  <stringProp name="Argument.metadata">=</stringProp>
                </elementProp>
              </collectionProp>
            </elementProp>
          </HTTPSamplerProxy>
          <hashTree>

            <!-- HEADER -->
            <HeaderManager guiclass="HeaderPanel" testclass="HeaderManager" testname="HTTP Header Manager" enabled="true">
              <collectionProp name="HeaderManager.headers">
                <elementProp name="" elementType="Header">
                  <stringProp name="Header.name">Content-Type</stringProp>
                  <stringProp name="Header.value">application/json</stringProp>
                </elementProp>
              </collectionProp>
            </HeaderManager>
            <hashTree/>

            <!-- ASSERT STATUS CODE -->
            <ResponseAssertion guiclass="AssertionGui" testclass="ResponseAssertion" testname="Assert POST Status Code" enabled="true">
              <collectionProp name="Asserion.test_strings">
                <stringProp name="201">201</stringProp>
              </collectionProp>
              <stringProp name="Assertion.test_field">Assertion.response_code</stringProp>
              <intProp name="Assertion.test_type">2</intProp>
            </ResponseAssertion>
            <hashTree/>

            <!-- JSON ASSERT -->
            <JSONPathAssertion guiclass="JSONPathAssertionGui" testclass="JSONPathAssertion" testname="Assert POST JSON Status" enabled="true">
              <stringProp name="JSON_PATH">$.status</stringProp>
              <stringProp name="EXPECTED_VALUE">active</stringProp>
            </JSONPathAssertion>
            <hashTree/>

          </hashTree>
        </hashTree>

        <!-- LOOP CONTROLLER GET -->
        <LoopController guiclass="LoopControlPanel" testclass="LoopController" testname="Loop Controller GET (10x)" enabled="true">
          <stringProp name="LoopController.loops">10</stringProp>
          <boolProp name="LoopController.continue_forever">false</boolProp>
        </LoopController>
        <hashTree>

          <!-- GET REQUEST -->
          <HTTPSamplerProxy guiclass="HttpTestSampleGui" testclass="HTTPSamplerProxy" testname="GET /posts" enabled="true">
            <stringProp name="HTTPSampler.method">GET</stringProp>
            <stringProp name="HTTPSampler.path">/posts</stringProp>
          </HTTPSamplerProxy>
          <hashTree>

            <!-- ASSERT STATUS CODE -->
            <ResponseAssertion guiclass="AssertionGui" testclass="ResponseAssertion" testname="Assert GET Status Code" enabled="true">
              <collectionProp name="Asserion.test_strings">
                <stringProp name="200">200</stringProp>
              </collectionProp>
              <stringProp name="Assertion.test_field">Assertion.response_code</stringProp>
              <intProp name="Assertion.test_type">2</intProp>
            </ResponseAssertion>
            <hashTree/>

            <!-- JSON ASSERT -->
            <JSONPathAssertion guiclass="JSONPathAssertionGui" testclass="JSONPathAssertion" testname="Assert GET JSON Status" enabled="true">
              <stringProp name="JSON_PATH">$[0].status</stringProp>
              <stringProp name="EXPECTED_VALUE">active</stringProp>
            </JSONPathAssertion>
            <hashTree/>

          </hashTree>
        </hashTree>

        <!-- LISTENER -->
        <ResultCollector guiclass="SummaryReport" testclass="ResultCollector" testname="Summary Report" enabled="true"/>
        <hashTree/>

      </hashTree>
    </hashTree>
  </hashTree>
</jmeterTestPlan>
